{"p": [56.33425292847668, 69.44377097903144, 90.70429107958674, 116.26805604945218, 149.55046346335587, 181.2721967362293, 211.28017115993896, 239.14909046140312, 259.9226876359131, 275.58505027918045, 288.03458023469176, 287.4418930695565, 278.68251970241334, 393.8846149442902, 0.0, 0.0, 0.0, 0.0], "E": [29.089639855095914, 30.633358570609452, 31.59653927311949, 31.239412607579446, 28.774147492687423, 25.629278786515567, 21.99018054776527, 17.678772713035162, 13.195157943663144, 9.092729680179051, 5.213015593960887, 3.2156827372680374, 2.704923075747741, -20.0, -10.0, 0.0, 10.0, 20.0], "baseline": {"__ndarray__": [41.306516445, 46.63057553, 53.460146815, 60.2897181, 66.49846615000001, 72.70721420000001, 79.5738532, 86.4404922, 90.594696625, 94.74890105, 100.15210317500001, 105.55530530000001, 107.9941149, 110.4329245, 111.4281846, 112.42344469999999, 112.16674219999999, 111.9100397], "dtype": "float64", "shape": [18]}, "cumEmissions": {"__ndarray__": [145.44819927547957, 298.6149921285268, 456.59768849412427, 612.7947515320215, 756.6654889954585, 884.8118829280363, 994.7627856668627, 1083.1566492320385, 1149.1324389503543, 1194.5960873512495, 1220.6611653210539, 1236.739579007394, 1250.2641943861327, 1150.2641943861327, 1100.2641943861327, 1100.2641943861327, 1150.2641943861327, 1250.2641943861327], "dtype": "float64", "shape": [18]}, "K": {"__ndarray__": [222.67408506836145, 241.4470761142519, 287.61351837812504, 349.31620539163583, 433.9518891135251, 531.3069267451705, 640.1030548337594, 755.0212721552282, 877.2325154791192, 1003.7879911851061, 1138.7742856288046, 1279.4347980100683, 1427.7031982816357, 1575.7685344214128, 1751.7224786911079, 1928.2529524914157, 2105.3733233117036, 2280.121960204923], "dtype": "float64", "shape": [18]}, "temp": {"__ndarray__": [1.0340854513769124, 1.165808893230533, 1.3016740121049468, 1.4360034863175386, 1.5597323205360945, 1.6699382193181114, 1.764495995673502, 1.8405147183395532, 1.8972538974973046, 1.9363526351220746, 1.9587686021761064, 1.972596037946359, 1.9842272071720741, 1.898227207172074, 1.8552272071720741, 1.8552272071720741, 1.898227207172074, 1.9842272071720741], "dtype": "float64", "shape": [18]}, "Ygross": {"__ndarray__": [87.07589060500001, 105.62805494427502, 139.97546368174875, 174.17459173491673, 222.25152064610114, 270.0730850779136, 322.2306812826996, 374.14774871427284, 429.48619928029524, 484.7279310636306, 545.637120209361, 606.5545931326261, 670.9265698409966, 735.5160367041188, 803.2289063106699, 874.2668149902279, 947.1245404157277, 1019.374920137873], "dtype": "float64", "shape": [18]}, "damageFraction": {"__ndarray__": [0.002439753172882404, 0.005348541271624348, 0.00871372915877789, 0.012405211477644468, 0.016125885505894645, 0.019698698244334338, 0.02295856346199065, 0.025709460394525374, 0.027838298587046735, 0.029342886135488695, 0.030219333119310472, 0.030765005746115758, 0.0312269794079868, 0.027875380750624755, 0.026255262207943733, 0.026255262207943733, 0.027875380750624755, 0.0312269794079868], "dtype": "float64", "shape": [18]}, "investments": {"__ndarray__": [18.19896301367229, 21.992051124447027, 29.008286880684082, 35.89665978490736, 45.5368325983636, 55.012535148505, 65.27432553200073, 75.40936386128831, 86.2800008968357, 97.15819262396818, 109.20950294278224, 121.39999401782308, 134.4419488809341, 146.54481457361794, 164.2493833601215, 178.77566920982068, 193.3518474790095, 207.384013304519], "dtype": "float64", "shape": [18]}, "consumption": {"__ndarray__": [68.46276562286245, 82.73200184911026, 109.1264125511449, 135.03981538131816, 171.30522739384404, 206.95191793961405, 245.55579604895516, 283.6828450019894, 324.57714623095336, 365.499867490166, 410.83574916570456, 456.69521559085825, 505.7578076949426, 551.2876357769437, 617.8905374023618, 672.537041313135, 727.3712357543692, 780.1589071931905], "dtype": "float64", "shape": [18]}, "TFP": {"__ndarray__": [4.295651389644404, 5.0525735071468505, 6.386307711155458, 7.374195090011458, 8.74281705049794, 9.807561066923101, 10.929688105194543, 11.911865235495254, 13.003772544035284, 14.02064981708035, 15.235078006669825, 16.391447028640926, 17.69258623748674, 18.968568219004414, 20.428387317337208, 21.888276850627047, 23.514223872556396, 25.173284855606965], "dtype": "float64", "shape": [18]}, "Y": {"__ndarray__": [86.8634469246149, 105.06309893296417, 138.75575540235164, 172.01391909041268, 218.66751807065114, 264.75299687104734, 314.8327277370703, 364.5286119870024, 417.53003422571453, 470.5046145757394, 529.148330311493, 587.8939375895679, 649.9755596603006, 715.013247132801, 782.1399207624834, 851.3127105229556, 920.7230832333787, 987.5429204977095], "dtype": "float64", "shape": [18]}, "utility": {"__ndarray__": [0.41298541729890137, 0.46397230502001485, 0.5428324596077374, 0.596044996792279, 0.6540874208882543, 0.6954051710917808, 0.7320664331837923, 0.7606866888965544, 0.7876297613822558, 0.810057280508867, 0.8324716525168212, 0.8518297667090846, 0.8708241957084824, 0.8864935666207561, 0.9064881794835211, 0.9214193274337834, 0.9356297742836381, 0.9482527991423706], "dtype": "float64", "shape": [18]}, "population": {"__ndarray__": [7253.359375, 7584.920897999999, 7838.304443, 8091.687988, 8269.289306499999, 8446.890625, 8538.17334, 8629.456054999999, 8638.081054999999, 8646.706054999999, 8583.543457, 8520.380859, 8393.998534999999, 8267.616211, 8084.5080565, 7901.399901999999, 7674.30249, 7447.205078], "dtype": "float64", "shape": [18]}, "r": {"__ndarray__": [0.03, 0.03, 0.03, 0.03, 0.03, 0.03, 0.03, 0.03, 0.03, 0.03, 0.03, 0.03, 0.03, 0.03, 0.03, 0.03, 0.03, 0.03], "dtype": "float64", "shape": [18]}, "meta": {"t_values": {"__ndarray__": [0.0, 5.0, 10.0, 15.0, 20.0, 25.0, 30.0, 35.0, 40.0, 45.0, 50.0, 55.0, 60.0, 65.0, 70.0, 75.0, 80.0, 85.0], "dtype": "float64", "shape": [18]}, "t_values_years": {"__ndarray__": [2015.0, 2020.0, 2025.0, 2030.0, 2035.0, 2040.0, 2045.0, 2050.0, 2055.0, 2060.0, 2065.0, 2070.0, 2075.0, 2080.0, 2085.0, 2090.0, 2095.0, 2100.0], "dtype": "float64", "shape": [18]}, "params": {"__instance_type__": ["carbontaxdamages.defaultparams", "Params"], "attributes": {"default_params": {"beta": 2.0, "gamma": 1091.9356825400043, "useCalibratedGamma": true, "cost_level": "p05", "carbonbudget": 1750, "relativeBudget": false, "progRatio": 0.82, "exogLearningRate": 0.0, "useCalibratedExogLearningRate": false, "minEmissions": -20, "maxReductParam": 100.05, "end_of_run_inertia": 2085, "maxReductParamPositive": 2.0, "CE_values_num": 1500, "E_values_num": 100, "E_min_rel": -3, "E_max_rel": 2.5, "K_values_num": 15, "K_min": 0, "K_max": 3000, "p_values_num": 500, "p_values_max_rel": 1.5, "T": 85, "t_values_num": 18, "T0": 0.909, "TCRE": 0.00086, "r": 0.03, "elasmu": 1.45, "discountConsumptionFixed": false, "maximise_utility": true, "SSP": "SSP5", "K_start": 223.0, "fastmath": true, "damage": "damageHowardTotal", "runname": "Experiment test1 %SSP 2120 %damage TCRE %TCRE cost %cost_level r=%r %minEmissions budget 2C utility %maximise_utility elasmu %elasmu", "shortname": "%SSP %damage %TCRE %cost_level %r"}, "obj": [1500, 2.5, -3, 100, 3000, 0, 223.0, 15, "SSP5", 85, 0.909, 0.00086, 2.0, 1750, "p05", "damageHowardTotal", false, 1.45, 2085, 0.0, true, 1500.0, 100.05, 2.0, true, -20, 1.5, 500, 0.82, 0.03, false, "Experiment test1 %SSP 2120 %damage TCRE %TCRE cost %cost_level r=%r %minEmissions budget 2C utility %maximise_utility elasmu %elasmu", "%SSP %damage %TCRE %cost_level %r", 18, false, true]}}, "title": "Experiment test1 SSP5 2120 damageHowardTotal TCRE 0.00086 cost p05 r=0.03 -20 budget 2C utility True elasmu 1.45", "shorttitle": "SSP5 damageHowardTotal 0.00086 p05 0.03"}}