SSP,rho,beta,cost_percentile,gamma
,0.65,2.0,p05,3392.3571344962124
,0.65,2.0,p50,9689.375885367202
,0.65,2.0,p95,22649.434928959312
,0.65,3.0,p05,5615.858492814977
,0.65,3.0,p50,16054.148762232691
,0.65,3.0,p95,37695.55011652917
,0.82,2.0,p05,1008.4134128487816
,0.82,2.0,p50,2875.58115585547
,0.82,2.0,p95,6703.847783496248
,0.82,3.0,p05,1613.0694117958658
