SSP,rho,beta,cost_percentile,gamma
,0.82,2.0,p05,1091.9356825400043
,0.82,2.0,p50,2826.0162793190348
,0.82,2.0,p95,7076.7971404730015
