SSP,rho,beta,cost_percentile,gamma
,0.65,2.0,p05,3247.276278565855
,0.65,2.0,p50,9267.929673244482
,0.65,2.0,p95,21677.4206420933
,0.65,3.0,p05,5275.970516131047
,0.65,3.0,p50,15089.3449022525
,0.65,3.0,p95,35355.46993672341
,0.82,2.0,p05,965.4157161684524
,0.82,2.0,p50,2750.461708089017
,0.82,2.0,p95,6406.215396429332
,0.82,3.0,p05,1514.0308763249288
